{
	"class_name" : "PinholeCameraParameters",
	"extrinsic" : 
	[
		0.041101897901047436,
		0.53782440996603176,
		-0.84205435574766907,
		0.0,
		-0.0050131340036622569,
		-0.84264491334676939,
		-0.53844630047784425,
		0.0,
		-0.99914238348515338,
		0.026352496191167616,
		-0.031938119357615577,
		0.0,
		959.47213958079431,
		170.52922563088734,
		28.115851032376636,
		1.0
	],
	"intrinsic" : 
	{
		"height" : 1080,
		"intrinsic_matrix" : 
		[
			935.30743608719376,
			0.0,
			0.0,
			0.0,
			935.30743608719376,
			0.0,
			959.5,
			539.5,
			1.0
		],
		"width" : 1920
	},
	"version_major" : 1,
	"version_minor" : 0
}