{
	"class_name" : "PinholeCameraParameters",
	"extrinsic" : 
	[
		-0.72937182398727296,
		0.27821061276814196,
		-0.62499247780805622,
		0.0,
		-0.16983257961388806,
		-0.95861074072903651,
		-0.22852208352940498,
		0.0,
		-0.6627017709914248,
		-0.060533484139796187,
		0.74643289050170225,
		0.0,
		24.624348533951171,
		4.206491055689467,
		110.10863558863154,
		1.0
	],
	"intrinsic" : 
	{
		"height" : 744,
		"intrinsic_matrix" : 
		[
			644.32290041562237,
			0.0,
			0.0,
			0.0,
			644.32290041562237,
			0.0,
			471.0,
			371.5,
			1.0
		],
		"width" : 943
	},
	"version_major" : 1,
	"version_minor" : 0
}