{
	"class_name" : "PinholeCameraParameters",
	"extrinsic" : 
	[
		0.072469347232117329,
		-0.82567640188123426,
		0.55946999301857958,
		0.0,
		0.10137804259034447,
		-0.55194151309235373,
		-0.82769744388023414,
		0.0,
		0.99220496178577,
		0.11670066624394992,
		0.04370661627164811,
		0.0,
		-935.48798977411968,
		-250.30984979156102,
		383.614813732426,
		1.0
	],
	"intrinsic" : 
	{
		"height" : 1080,
		"intrinsic_matrix" : 
		[
			935.30743608719376,
			0.0,
			0.0,
			0.0,
			935.30743608719376,
			0.0,
			959.5,
			539.5,
			1.0
		],
		"width" : 1920
	},
	"version_major" : 1,
	"version_minor" : 0
}