{
	"class_name" : "PinholeCameraParameters",
	"extrinsic" : 
	[
		0.6740739676134474,
		-0.49073462274009799,
		0.55209040584853386,
		0.0,
		0.20023517991418024,
		-0.59803744152032412,
		-0.77605224776722403,
		0.0,
		0.71100644083622822,
		0.63366453947176082,
		-0.30485913551251903,
		0.0,
		786.40331178591862,
		820.40020530415541,
		-199.12035232319465,
		1.0
	],
	"intrinsic" : 
	{
		"height" : 1387,
		"intrinsic_matrix" : 
		[
			1201.1772350490164,
			0.0,
			0.0,
			0.0,
			1201.1772350490164,
			0.0,
			1279.5,
			693.0,
			1.0
		],
		"width" : 2560
	},
	"version_major" : 1,
	"version_minor" : 0
}